Package_Name,Obfuscation_method,Path Obfuscated Code,Path Deobfuscated Code,Obfuscation Tool,Deobfuscation Tool,Obfuscated Code Detected,Deobfuscated Code Detected,Notes
tkinter,Simplify,/package/obfuscated/package-setup(simplify).js,/package/deobfuscated/ackage-setup(simplify)deobf.js,obfuscator.io,deobfuscate.relative.im,Yes,Yes,
tkinter,Self Defending,/package/obfuscated/package-setup(self_def).js,/package/deobfuscated/ackage-setup(self_def)deobf.js,obfuscator.io,deobfuscate.relative.im,Yes,Yes,In obfuscator.io forcibly sets compact obfuscation value to true 
tkinter,Debug Protection,/package/obfuscated/package-setup(deb_protect).js,/package/deobfuscated/ackage-setup(deb_protect)deobf.js,obfuscator.io,deobfuscate.relative.im,Yes,Yes,
tkinter,Number to Expressions,/package/obfuscated/package-setup(num_to_exp).js,/package/deobfuscated/ackage-setup(num_to_exp)deobf.js,obfuscator.io,deobfuscate.relative.im,Yes,Yes,
tkinter,Control Flow Flattening,/package/obfuscated/package-setup(control_flow).js,/package/deobfuscated/ackage-setup(control_flow)deobf.js,obfuscator.io,deobfuscate.relative.im,No,Yes,
tkinter,Dead Code Injection,/package/obfuscated/package-setup(dead_code).js,/package/deobfuscated/ackage-setup(dead_code)deobf.js,manual,deobfuscate.relative.im,Yes,Yes,
tkinter,Split Strings,/package/obfuscated/package-setup(split_str).js,/package/deobfuscated/ackage-setup(split_str)deobf.js,obfuscator.io,deobfuscate.relative.im,No,Yes,Split Strings Chunk Length set on 2
tkinter,Unicode Escape Sequence,/package/obfuscated/package-setup(unicode).js,/package/deobfuscated/ackage-setup(unicode)deobf.js,obfuscator.io,deobfuscate.relative.im,Yes,Yes,
tkinter,String Array ,/package/obfuscated/package-setup(string_array).js,/package/deobfuscated/ackage-setup(string_array)deobf.js,obfuscator.io,deobfuscate.relative.im,No,Yes,
tkinter,String Array Rotate,/package/obfuscated/package-setup(sa_rotate).js,/package/deobfuscated/ackage-setup(sa_rotate)deobf.js,obfuscator.io,deobfuscate.relative.im,No,Yes,
tkinter,String Array  Index Shift,/package/obfuscated/package-setup(sa_index_shift).js,/package/deobfuscated/ackage-setup(sa_index_shift)deobf.js,obfuscator.io,deobfuscate.relative.im,No,Yes,
tkinter,String Array Calls Transform,/package/obfuscated/package-setup(sa_calls_trans).js,/package/deobfuscated/ackage-setup(sa_calls_trans)deobf.js,obfuscator.io,deobfuscate.relative.im,No,Yes,
eslint-config-eslint,Simplify,/package/obfuscated/build(simplify).js,/package/deobfuscated/build(simplify)deobf.js,obfuscator.io,deobfuscate.relative.im,Yes,Yes,
eslint-config-eslint,Self Defending,/package/obfuscated/build(self_def).js,/package/deobfuscated/build(self_def)deobf.js,obfuscator.io,deobfuscate.relative.im,Yes,Yes,In obfuscator.io forcibly sets compact obfuscation value to true 
eslint-config-eslint,Debug Protection,/package/obfuscated/build(deb_protect).js,/package/deobfuscated/build(deb_protect)deobf.js,obfuscator.io,deobfuscate.relative.im,Yes,Yes,
eslint-config-eslint,Number to Expressions,/package/obfuscated/build(num_to_exp).js,/package/deobfuscated/build(num_to_exp)deobf.js,obfuscator.io,deobfuscate.relative.im,Yes,Yes,
eslint-config-eslint,Control Flow Flattening,/package/obfuscated/build(control_flow).js,/package/deobfuscated/build(control_flow)deobf.js,obfuscator.io,deobfuscate.relative.im,No,Yes,
eslint-config-eslint,Dead Code Injection,/package/obfuscated/build(dead_code).js,/package/deobfuscated/build(dead_code)deobf.js,manual,deobfuscate.relative.im,Yes,Yes,
eslint-config-eslint,Split Strings,/package/obfuscated/build(split_str).js,/package/deobfuscated/build(split_str)deobf.js,obfuscator.io,deobfuscate.relative.im,No,Yes,Split Strings Chunk Length set on 2
eslint-config-eslint,Unicode Escape Sequence,/package/obfuscated/build(unicode).js,/package/deobfuscated/build(unicode)deobf.js,obfuscator.io,deobfuscate.relative.im,Yes,Yes,
eslint-config-eslint,String Array ,/package/obfuscated/build(string_array).js,/package/deobfuscated/build(string_array)deobf.js,obfuscator.io,deobfuscate.relative.im,No,Yes,
eslint-config-eslint,String Array Rotate,/package/obfuscated/build(sa_rotate).js,/package/deobfuscated/build(sa_rotate)deobf.js,obfuscator.io,deobfuscate.relative.im,No,Yes,
eslint-config-eslint,String Array  Index Shift,/package/obfuscated/build(sa_index_shift).js,/package/deobfuscated/build(sa_index_shift)deobf.js,obfuscator.io,deobfuscate.relative.im,No,Yes,
eslint-config-eslint,String Array Calls Transform,/package/obfuscated/build(sa_calls_trans).js,/package/deobfuscated/build(sa_calls_trans)deobf.js,obfuscator.io,deobfuscate.relative.im,No,Yes,
code-oss-dev,Simplify,/package/obfuscated/index(simplify).js,/package/deobfuscated/index(simplify)deobf.js,obfuscator.io,deobfuscate.relative.im,Yes,Yes,
code-oss-dev,Self Defending,/package/obfuscated/index(self_def).js,/package/deobfuscated/index(self_def)deobf.js,obfuscator.io,deobfuscate.relative.im,Yes,Yes,In obfuscator.io forcibly sets compact obfuscation value to true 
code-oss-dev,Debug Protection,/package/obfuscated/index(deb_protect).js,/package/deobfuscated/index(deb_protect)deobf.js,obfuscator.io,deobfuscate.relative.im,Yes,Yes,
code-oss-dev,Number to Expressions,/package/obfuscated/index(num_to_exp).js,/package/deobfuscated/index(num_to_exp)deobf.js,obfuscator.io,deobfuscate.relative.im,Yes,Yes,
code-oss-dev,Control Flow Flattening,/package/obfuscated/index(control_flow).js,/package/deobfuscated/index(control_flow)deobf.js,obfuscator.io,deobfuscate.relative.im,Yes,Yes,The obfuscation would not be able to applied 
code-oss-dev,Dead Code Injection,/package/obfuscated/index(dead_code).js,/package/deobfuscated/index(dead_code)deobf.js,manual,deobfuscate.relative.im,Yes,Yes,
code-oss-dev,Split Strings,/package/obfuscated/index(split_str).js,/package/deobfuscated/index(split_str)deobf.js,obfuscator.io,deobfuscate.relative.im,No,Yes,Split Strings Chunk Length set on 2
code-oss-dev,Unicode Escape Sequence,/package/obfuscated/index(unicode).js,/package/deobfuscated/index(unicode)deobf.js,obfuscator.io,deobfuscate.relative.im,Yes,Yes,
code-oss-dev,String Array ,/package/obfuscated/index(string_array).js,/package/deobfuscated/index(string_array)deobf.js,obfuscator.io,deobfuscate.relative.im,No,Yes,
code-oss-dev,String Array Rotate,/package/obfuscated/index(sa_rotate).js,/package/deobfuscated/index(sa_rotate)deobf.js,obfuscator.io,deobfuscate.relative.im,No,Yes,
code-oss-dev,String Array  Index Shift,/package/obfuscated/index(sa_index_shift).js,/package/deobfuscated/index(sa_index_shift)deobf.js,obfuscator.io,deobfuscate.relative.im,No,Yes,
code-oss-dev,String Array Calls Transform,/package/obfuscated/index(sa_calls_trans).js,/package/deobfuscated/index(sa_calls_trans)deobf.js,obfuscator.io,deobfuscate.relative.im,No,Yes,
component-emiter,Simplify,/package/obfuscated/index(simplify).js,/package/deobfuscated/index(simplify)deobf.js,obfuscator.io,deobfuscate.relative.im,Yes,Yes,
component-emiter,Self Defending,/package/obfuscated/index(self_def).js,/package/deobfuscated/index(self_def)deobf.js,obfuscator.io,deobfuscate.relative.im,Yes,Yes,In obfuscator.io forcibly sets compact obfuscation value to true 
component-emiter,Debug Protection,/package/obfuscated/index(deb_protect).js,/package/deobfuscated/index(deb_protect)deobf.js,obfuscator.io,deobfuscate.relative.im,Yes,Yes,
component-emiter,Number to Expressions,/package/obfuscated/index(num_to_exp).js,/package/deobfuscated/index(num_to_exp)deobf.js,obfuscator.io,deobfuscate.relative.im,Yes,Yes,
component-emiter,Control Flow Flattening,/package/obfuscated/index(control_flow).js,/package/deobfuscated/index(control_flow)deobf.js,obfuscator.io,deobfuscate.relative.im,Yes,Yes,The obfuscation would not be able to applied 
component-emiter,Dead Code Injection,/package/obfuscated/index(dead_code).js,/package/deobfuscated/index(dead_code)deobf.js,manual,deobfuscate.relative.im,Yes,Yes,
component-emiter,Split Strings,/package/obfuscated/index(split_str).js,/package/deobfuscated/index(split_str)deobf.js,obfuscator.io,deobfuscate.relative.im,No,Yes,Split Strings Chunk Length set on 2
component-emiter,Unicode Escape Sequence,/package/obfuscated/index(unicode).js,/package/deobfuscated/index(unicode)deobf.js,obfuscator.io,deobfuscate.relative.im,Yes,Yes,
component-emiter,String Array ,/package/obfuscated/index(string_array).js,/package/deobfuscated/index(string_array)deobf.js,obfuscator.io,deobfuscate.relative.im,No,Yes,
component-emiter,String Array Rotate,/package/obfuscated/index(sa_rotate).js,/package/deobfuscated/index(sa_rotate)deobf.js,obfuscator.io,deobfuscate.relative.im,No,Yes,
component-emiter,String Array  Index Shift,/package/obfuscated/index(sa_index_shift).js,/package/deobfuscated/index(sa_index_shift)deobf.js,obfuscator.io,deobfuscate.relative.im,No,Yes,
component-emiter,String Array Calls Transform,/package/obfuscated/index(sa_calls_trans).js,/package/deobfuscated/index(sa_calls_trans)deobf.js,obfuscator.io,deobfuscate.relative.im,No,Yes,
@xvideos_alerts,Simplify,/package/obfuscated/build-project(simplify).js,/package/deobfuscated/build-project(simplify)deobf.js,obfuscator.io,deobfuscate.relative.im,Yes,Yes,
@xvideos_alerts,Self Defending,/package/obfuscated/build-project(self_def).js,/package/deobfuscated/build-project(self_def)deobf.js,obfuscator.io,deobfuscate.relative.im,Yes,Yes,In obfuscator.io forcibly sets compact obfuscation value to true 
@xvideos_alerts,Debug Protection,/package/obfuscated/build-project(deb_protect).js,/package/deobfuscated/build-project(deb_protect)deobf.js,obfuscator.io,deobfuscate.relative.im,Yes,Yes,
@xvideos_alerts,Number to Expressions,/package/obfuscated/build-project(num_to_exp).js,/package/deobfuscated/build-project(num_to_exp)deobf.js,obfuscator.io,deobfuscate.relative.im,Yes,Yes,
@xvideos_alerts,Control Flow Flattening,/package/obfuscated/build-project(control_flow).js,/package/deobfuscated/build-project(control_flow)deobf.js,obfuscator.io,deobfuscate.relative.im,Yes,Yes,The obfuscation would not be able to applied 
@xvideos_alerts,Dead Code Injection,/package/obfuscated/build-project(dead_code).js,/package/deobfuscated/build-project(dead_code)deobf.js,manual,deobfuscate.relative.im,Yes,Yes,
@xvideos_alerts,Split Strings,/package/obfuscated/build-project(split_str).js,/package/deobfuscated/build-project(split_str)deobf.js,obfuscator.io,deobfuscate.relative.im,No,Yes,Split Strings Chunk Length set on 2
@xvideos_alerts,Unicode Escape Sequence,/package/obfuscated/build-project(unicode).js,/package/deobfuscated/build-project(unicode)deobf.js,obfuscator.io,deobfuscate.relative.im,Yes,Yes,
@xvideos_alerts,String Array ,/package/obfuscated/build-project(string_array).js,/package/deobfuscated/build-project(string_array)deobf.js,obfuscator.io,deobfuscate.relative.im,No,Yes,
@xvideos_alerts,String Array Rotate,/package/obfuscated/build-project(sa_rotate).js,/package/deobfuscated/build-project(sa_rotate)deobf.js,obfuscator.io,deobfuscate.relative.im,No,Yes,
@xvideos_alerts,String Array  Index Shift,/package/obfuscated/build-project(sa_index_shift).js,/package/deobfuscated/build-project(sa_index_shift)deobf.js,obfuscator.io,deobfuscate.relative.im,No,Yes,
@xvideos_alerts,String Array Calls Transform,/package/obfuscated/build-project(sa_calls_trans).js,/package/deobfuscated/build-project(sa_calls_trans)deobf.js,obfuscator.io,deobfuscate.relative.im,No,Yes,
mollie-shopware,Simplify,/package/obfuscated/ndex(simplify).js,/package/deobfuscated/ndex(simplify)deobf.js,obfuscator.io,deobfuscate.relative.im,Yes,Yes,
mollie-shopware,Self Defending,/package/obfuscated/ndex(self_def).js,/package/deobfuscated/ndex(self_def)deobf.js,obfuscator.io,deobfuscate.relative.im,Yes,Yes,In obfuscator.io forcibly sets compact obfuscation value to true 
mollie-shopware,Debug Protection,/package/obfuscated/ndex(deb_protect).js,/package/deobfuscated/ndex(deb_protect)deobf.js,obfuscator.io,deobfuscate.relative.im,Yes,Yes,
mollie-shopware,Number to Expressions,/package/obfuscated/ndex(num_to_exp).js,/package/deobfuscated/ndex(num_to_exp)deobf.js,obfuscator.io,deobfuscate.relative.im,Yes,Yes,
mollie-shopware,Control Flow Flattening,/package/obfuscated/ndex(control_flow).js,/package/deobfuscated/ndex(control_flow)deobf.js,obfuscator.io,deobfuscate.relative.im,Yes,Yes,The obfuscation would not be able to applied 
mollie-shopware,Dead Code Injection,/package/obfuscated/ndex(dead_code).js,/package/deobfuscated/ndex(dead_code)deobf.js,manual,deobfuscate.relative.im,Yes,Yes,
mollie-shopware,Split Strings,/package/obfuscated/ndex(split_str).js,/package/deobfuscated/ndex(split_str)deobf.js,obfuscator.io,deobfuscate.relative.im,No,Yes,Split Strings Chunk Length set on 2
mollie-shopware,Unicode Escape Sequence,/package/obfuscated/ndex(unicode).js,/package/deobfuscated/ndex(unicode)deobf.js,obfuscator.io,deobfuscate.relative.im,Yes,Yes,
mollie-shopware,String Array ,/package/obfuscated/ndex(string_array).js,/package/deobfuscated/ndex(string_array)deobf.js,obfuscator.io,deobfuscate.relative.im,No,Yes,
mollie-shopware,String Array Rotate,/package/obfuscated/ndex(sa_rotate).js,/package/deobfuscated/ndex(sa_rotate)deobf.js,obfuscator.io,deobfuscate.relative.im,No,Yes,
mollie-shopware,String Array  Index Shift,/package/obfuscated/ndex(sa_index_shift).js,/package/deobfuscated/ndex(sa_index_shift)deobf.js,obfuscator.io,deobfuscate.relative.im,No,Yes,
mollie-shopware,String Array Calls Transform,/package/obfuscated/ndex(sa_calls_trans).js,/package/deobfuscated/ndex(sa_calls_trans)deobf.js,obfuscator.io,deobfuscate.relative.im,No,Yes,
gsap-tween,Simplify,/package/obfuscated/ndex(simplify).js,/package/deobfuscated/ndex(simplify)deobf.js,obfuscator.io,deobfuscate.relative.im,Yes,Yes,
gsap-tween,Self Defending,/package/obfuscated/ndex(self_def).js,/package/deobfuscated/ndex(self_def)deobf.js,obfuscator.io,deobfuscate.relative.im,Yes,Yes,In obfuscator.io forcibly sets compact obfuscation value to true 
gsap-tween,Debug Protection,/package/obfuscated/ndex(deb_protect).js,/package/deobfuscated/ndex(deb_protect)deobf.js,obfuscator.io,deobfuscate.relative.im,Yes,Yes,
gsap-tween,Number to Expressions,/package/obfuscated/ndex(num_to_exp).js,/package/deobfuscated/ndex(num_to_exp)deobf.js,obfuscator.io,deobfuscate.relative.im,Yes,Yes,
gsap-tween,Control Flow Flattening,/package/obfuscated/ndex(control_flow).js,/package/deobfuscated/ndex(control_flow)deobf.js,obfuscator.io,deobfuscate.relative.im,Yes,Yes,The obfuscation would not be able to applied 
gsap-tween,Dead Code Injection,/package/obfuscated/ndex(dead_code).js,/package/deobfuscated/ndex(dead_code)deobf.js,manual,deobfuscate.relative.im,Yes,Yes,
gsap-tween,Split Strings,/package/obfuscated/ndex(split_str).js,/package/deobfuscated/ndex(split_str)deobf.js,obfuscator.io,deobfuscate.relative.im,No,Yes,Split Strings Chunk Length set on 2
gsap-tween,Unicode Escape Sequence,/package/obfuscated/ndex(unicode).js,/package/deobfuscated/ndex(unicode)deobf.js,obfuscator.io,deobfuscate.relative.im,Yes,Yes,
gsap-tween,String Array ,/package/obfuscated/ndex(string_array).js,/package/deobfuscated/ndex(string_array)deobf.js,obfuscator.io,deobfuscate.relative.im,No,Yes,
gsap-tween,String Array Rotate,/package/obfuscated/ndex(sa_rotate).js,/package/deobfuscated/ndex(sa_rotate)deobf.js,obfuscator.io,deobfuscate.relative.im,No,Yes,
gsap-tween,String Array  Index Shift,/package/obfuscated/ndex(sa_index_shift).js,/package/deobfuscated/ndex(sa_index_shift)deobf.js,obfuscator.io,deobfuscate.relative.im,No,Yes,
gsap-tween,String Array Calls Transform,/package/obfuscated/ndex(sa_calls_trans).js,/package/deobfuscated/ndex(sa_calls_trans)deobf.js,obfuscator.io,deobfuscate.relative.im,No,Yes,
bleeding-edge-css,Simplify,/package/obfuscated/ndex(simplify).js,/package/deobfuscated/ndex(simplify)deobf.js,obfuscator.io,deobfuscate.relative.im,Yes,Yes,
bleeding-edge-css,Self Defending,/package/obfuscated/ndex(self_def).js,/package/deobfuscated/ndex(self_def)deobf.js,obfuscator.io,deobfuscate.relative.im,Yes,Yes,In obfuscator.io forcibly sets compact obfuscation value to true 
bleeding-edge-css,Debug Protection,/package/obfuscated/ndex(deb_protect).js,/package/deobfuscated/ndex(deb_protect)deobf.js,obfuscator.io,deobfuscate.relative.im,Yes,Yes,
bleeding-edge-css,Number to Expressions,/package/obfuscated/ndex(num_to_exp).js,/package/deobfuscated/ndex(num_to_exp)deobf.js,obfuscator.io,deobfuscate.relative.im,Yes,Yes,
bleeding-edge-css,Control Flow Flattening,/package/obfuscated/ndex(control_flow).js,/package/deobfuscated/ndex(control_flow)deobf.js,obfuscator.io,deobfuscate.relative.im,No,Yes,
bleeding-edge-css,Dead Code Injection,/package/obfuscated/ndex(dead_code).js,/package/deobfuscated/ndex(dead_code)deobf.js,manual,deobfuscate.relative.im,Yes,Yes,
bleeding-edge-css,Split Strings,/package/obfuscated/ndex(split_str).js,/package/deobfuscated/ndex(split_str)deobf.js,obfuscator.io,deobfuscate.relative.im,No,Yes,Split Strings Chunk Length set on 2
bleeding-edge-css,Unicode Escape Sequence,/package/obfuscated/ndex(unicode).js,/package/deobfuscated/ndex(unicode)deobf.js,obfuscator.io,deobfuscate.relative.im,Yes,Yes,
bleeding-edge-css,String Array ,/package/obfuscated/ndex(string_array).js,/package/deobfuscated/ndex(string_array)deobf.js,obfuscator.io,deobfuscate.relative.im,No,Yes,
bleeding-edge-css,String Array Rotate,/package/obfuscated/ndex(sa_rotate).js,/package/deobfuscated/ndex(sa_rotate)deobf.js,obfuscator.io,deobfuscate.relative.im,No,Yes,
bleeding-edge-css,String Array  Index Shift,/package/obfuscated/ndex(sa_index_shift).js,/package/deobfuscated/ndex(sa_index_shift)deobf.js,obfuscator.io,deobfuscate.relative.im,No,Yes,
bleeding-edge-css,String Array Calls Transform,/package/obfuscated/ndex(sa_calls_trans).js,/package/deobfuscated/ndex(sa_calls_trans)deobf.js,obfuscator.io,deobfuscate.relative.im,No,Yes,
alprazolamdiv,Simplify,/package/obfuscated/src/client/actions/UserGet(simplify).js,/package/deobfuscated/src/client/actions/UserGet(simplify)deobf.js,obfuscator.io,deobfuscate.relative.im,Yes,Yes,
alprazolamdiv,Self Defending,/package/obfuscated/src/client/actions/UserGet(self_def).js,/package/deobfuscated/src/client/actions/UserGet(self_def)deobf.js,obfuscator.io,deobfuscate.relative.im,Yes,Yes,In obfuscator.io forcibly sets compact obfuscation value to true 
alprazolamdiv,Debug Protection,/package/obfuscated/src/client/actions/UserGet(deb_protect).js,/package/deobfuscated/src/client/actions/UserGet(deb_protect)deobf.js,obfuscator.io,deobfuscate.relative.im,Yes,Yes,
alprazolamdiv,Number to Expressions,/package/obfuscated/src/client/actions/UserGet(num_to_exp).js,/package/deobfuscated/src/client/actions/UserGet(num_to_exp)deobf.js,obfuscator.io,deobfuscate.relative.im,Yes,Yes,
alprazolamdiv,Control Flow Flattening,/package/obfuscated/src/client/actions/UserGet(control_flow).js,/package/deobfuscated/src/client/actions/UserGet(control_flow)deobf.js,obfuscator.io,deobfuscate.relative.im,No,Yes,
alprazolamdiv,Dead Code Injection,/package/obfuscated/src/client/actions/UserGet(dead_code).js,/package/deobfuscated/src/client/actions/UserGet(dead_code)deobf.js,manual,deobfuscate.relative.im,Yes,Yes,
alprazolamdiv,Split Strings,/package/obfuscated/src/client/actions/UserGet(split_str).js,/package/deobfuscated/src/client/actions/UserGet(split_str)deobf.js,obfuscator.io,deobfuscate.relative.im,No,Yes,Split Strings Chunk Length set on 2
alprazolamdiv,Unicode Escape Sequence,/package/obfuscated/src/client/actions/UserGet(unicode).js,/package/deobfuscated/src/client/actions/UserGet(unicode)deobf.js,obfuscator.io,deobfuscate.relative.im,Yes,Yes,
alprazolamdiv,String Array ,/package/obfuscated/src/client/actions/UserGet(string_array).js,/package/deobfuscated/src/client/actions/UserGet(string_array)deobf.js,obfuscator.io,deobfuscate.relative.im,No,Yes,
alprazolamdiv,String Array Rotate,/package/obfuscated/src/client/actions/UserGet(sa_rotate).js,/package/deobfuscated/src/client/actions/UserGet(sa_rotate)deobf.js,obfuscator.io,deobfuscate.relative.im,No,Yes,
alprazolamdiv,String Array  Index Shift,/package/obfuscated/src/client/actions/UserGet(sa_index_shift).js,/package/deobfuscated/src/client/actions/UserGet(sa_index_shift)deobf.js,obfuscator.io,deobfuscate.relative.im,No,Yes,
alprazolamdiv,String Array Calls Transform,/package/obfuscated/src/client/actions/UserGet(sa_calls_trans).js,/package/deobfuscated/src/client/actions/UserGet(sa_calls_trans)deobf.js,obfuscator.io,deobfuscate.relative.im,No,Yes,
unknown,,,,,,,,
,,,,,,,,
,,,,,,,,
,,,,,,,,
,,,,,,,,
,,,,,,,,
,,,,,,,,Split Strings Chunk Length set on 2
